{"cameraMode":{"drawMode":0,"name":"Shaded","section":"Shading Mode"},"sceneLighting":false,"audioPlay":false,"sceneViewState":{"m_AlwaysRefresh":false,"showFog":true,"showSkybox":false,"showFlares":true,"showImageEffects":true,"showParticleSystems":true,"showVisualEffectGraphs":true,"m_FxEnabled":true},"in2DMode":false,"pivot":{"x":-0.00022505223751068115,"y":0.4403873682022095,"z":-2.2351741790771486e-8},"rotation":{"x":-0.009849115274846554,"y":-0.9889223575592041,"z":0.12859231233596803,"w":-0.07550941407680512},"size":3.371375322341919,"orthographic":false}