{"cameraMode":{"drawMode":0,"name":"Shaded","section":"Shading Mode"},"sceneLighting":true,"audioPlay":false,"sceneViewState":{"m_AlwaysRefresh":false,"showFog":true,"showSkybox":true,"showFlares":true,"showImageEffects":true,"showParticleSystems":true,"showVisualEffectGraphs":true,"m_FxEnabled":true},"in2DMode":false,"pivot":{"x":582.9906005859375,"y":0.25456172227859499,"z":18.777271270751954},"rotation":{"x":0.3389773964881897,"y":0.2577410936355591,"z":-0.09709130972623825,"w":0.8997175693511963},"size":5.144906044006348,"orthographic":false}